case,sample,LB,unit,fq1,fq2,PL
ctMSI-CRC-0001,N,ctMSI-CRC-0001-N,t1,/home/pengjia/ProjectMSI/ctDNA/DATD/HaploX/WEX/191201DYH/S025_SZ20190713030WHB-5_gdna_wesplus_30892_S25_L002_R1_001.fastq.gz,/home/pengjia/ProjectMSI/ctDNA/DATD/HaploX/WEX/191201DYH/S025_SZ20190713030WHB-5_gdna_wesplus_30892_S25_L002_R2_001.fastq.gz,ILM
ctMSI-CRC-0001,T,ctMSI-CRC-0001-T,t1,/home/pengjia/ProjectMSI/ctDNA/DATD/HaploX/WEX/191201DYH/S078_SZ20190824036PES-b_ffpedna_wesplus_32703_S41_L004_R1_001.fastq.gz,/home/pengjia/ProjectMSI/ctDNA/DATD/HaploX/WEX/191201DYH/S078_SZ20190824036PES-b_ffpedna_wesplus_32703_S41_L004_R2_001.fastq.gz,ILM
ctMSI-CRC-0002,N,ctMSI-CRC-0002-N,t1,/home/pengjia/ProjectMSI/ctDNA/DATD/HaploX/WEX/191201DYH/S077_SZ20190808017WHB-8_gdna_wesplus_31753_S41_L004_R1_001.fastq.gz,/home/pengjia/ProjectMSI/ctDNA/DATD/HaploX/WEX/191201DYH/S077_SZ20190808017WHB-8_gdna_wesplus_31753_S41_L004_R2_001.fastq.gz,ILM
ctMSI-CRC-0002,T,ctMSI-CRC-0002-T,t1,/home/pengjia/ProjectMSI/ctDNA/DATD/HaploX/WEX/191201DYH/S092_SZ20190821018PES-c_ffpedna_wesplus_32622_S46_L004_R1_001.fastq.gz,/home/pengjia/ProjectMSI/ctDNA/DATD/HaploX/WEX/191201DYH/S092_SZ20190821018PES-c_ffpedna_wesplus_32622_S46_L004_R2_001.fastq.gz,ILM
ctMSI-CRC-0003,N,ctMSI-CRC-0003-N,t1,/home/pengjia/ProjectMSI/ctDNA/DATD/HaploX/WEX/191201DYH/S139_SZ20191102021WHB-5_gdna_wesplus_35839_S51_L004_R1_001.fastq.gz,/home/pengjia/ProjectMSI/ctDNA/DATD/HaploX/WEX/191201DYH/S139_SZ20191102021WHB-5_gdna_wesplus_35839_S51_L004_R2_001.fastq.gz,ILM
ctMSI-CRC-0003,T,ctMSI-CRC-0003-T,t1,/home/pengjia/ProjectMSI/ctDNA/DATD/HaploX/WEX/191201DYH/S074_SZ20191102022PES-2_ffpedna_wesplus_36340_S37_L004_R1_001.fastq.gz,/home/pengjia/ProjectMSI/ctDNA/DATD/HaploX/WEX/191201DYH/S074_SZ20191102022PES-2_ffpedna_wesplus_36340_S37_L004_R2_001.fastq.gz,ILM
ctMSI-CRC-0004,T,ctMSI-CRC-0004-T,t1,/home/pengjia/ProjectMSI/ctDNA/DATD/HaploX/WEX/191201DYH/S130_SZ20190720032PES-2_ffpedna_wesplus_30831_S48_L004_R1_001.fastq.gz,/home/pengjia/ProjectMSI/ctDNA/DATD/HaploX/WEX/191201DYH/S130_SZ20190720032PES-2_ffpedna_wesplus_30831_S48_L004_R2_001.fastq.gz,ILM
ctMSI-CRC-0004,N,ctMSI-CRC-0004-N,t1,/home/pengjia/ProjectMSI/ctDNA/DATD/HaploX/WEX/191201DYH/S007_SZ20190704029WHB-1_gdna_wesplus_31382_S88_L001_R1_001.fastq.gz,/home/pengjia/ProjectMSI/ctDNA/DATD/HaploX/WEX/191201DYH/S007_SZ20190704029WHB-1_gdna_wesplus_31382_S88_L001_R2_001.fastq.gz,ILM
ctMSI-CRC-0004,T1,ctMSI-CRC-0004-T1,t1,/home/pengjia/ProjectMSI/ctDNA/DATD/HaploX/WEX/191201DYH/S070_SZ20191031011PES-5_ffpedna_wesplus_36336_S33_L004_R1_001.fastq.gz,/home/pengjia/ProjectMSI/ctDNA/DATD/HaploX/WEX/191201DYH/S070_SZ20191031011PES-5_ffpedna_wesplus_36336_S33_L004_R2_001.fastq.gz,ILM
ctMSI-CRC-0005,N,ctMSI-CRC-0005-N,t1,/home/pengjia/ProjectMSI/ctDNA/DATD/HaploX/WEX/191201DYH/S005_SZ20190824043WHB-a_gdna_wesplus_32376_S27_L001_R1_001.fastq.gz,/home/pengjia/ProjectMSI/ctDNA/DATD/HaploX/WEX/191201DYH/S005_SZ20190824043WHB-a_gdna_wesplus_32376_S27_L001_R2_001.fastq.gz,ILM
ctMSI-CRC-0005,T,ctMSI-CRC-0005-T,t1,/home/pengjia/ProjectMSI/ctDNA/DATD/HaploX/WEX/191201DYH/S070_SZ20191010016PES-1_ffpedna_wesplus_34546_S38_L004_R1_001.fastq.gz,/home/pengjia/ProjectMSI/ctDNA/DATD/HaploX/WEX/191201DYH/S070_SZ20191010016PES-1_ffpedna_wesplus_34546_S38_L004_R2_001.fastq.gz,ILM
ctMSI-CRC-0006,N,ctMSI-CRC-0006-N,t1,/home/pengjia/ProjectMSI/ctDNA/DATD/HaploX/WEX/191201DYH/S028_SZ20190928022WHB-b_gdna_wesplus_34045_S28_L003_R1_001.fastq.gz,/home/pengjia/ProjectMSI/ctDNA/DATD/HaploX/WEX/191201DYH/S028_SZ20190928022WHB-b_gdna_wesplus_34045_S28_L003_R2_001.fastq.gz,ILM
ctMSI-CRC-0006,T,ctMSI-CRC-0006-T,t1,/home/pengjia/ProjectMSI/ctDNA/DATD/HaploX/WEX/191201DYH/S070_SZ20190928023PES-c_ffpedna_wesplus_34087_S26_L004_R1_001.fastq.gz,/home/pengjia/ProjectMSI/ctDNA/DATD/HaploX/WEX/191201DYH/S070_SZ20190928023PES-c_ffpedna_wesplus_34087_S26_L004_R2_001.fastq.gz,ILM
ctMSI-CRC-0007,T,ctMSI-CRC-0007-T,t1,/home/pengjia/ProjectMSI/ctDNA/DATD/HaploX/WEX/191201DYH/S018_SZ20190413027PES-f_ffpedna_wesplus_27306_S18_L001_R1_001.fastq.gz,/home/pengjia/ProjectMSI/ctDNA/DATD/HaploX/WEX/191201DYH/S018_SZ20190413027PES-f_ffpedna_wesplus_27306_S18_L001_R2_001.fastq.gz,ILM
ctMSI-CRC-0007,N,ctMSI-CRC-0007-N,t1,/home/pengjia/ProjectMSI/ctDNA/DATD/HaploX/WEX/191201DYH/S010_SZ20190413026WHB-a_gdna_wesplus_27935_S23_L002_R1_001.fastq.gz,/home/pengjia/ProjectMSI/ctDNA/DATD/HaploX/WEX/191201DYH/S010_SZ20190413026WHB-a_gdna_wesplus_27935_S23_L002_R2_001.fastq.gz,ILM
ctMSI-CRC-0007,T1,ctMSI-CRC-0007-T1,t1,/home/pengjia/ProjectMSI/ctDNA/DATD/HaploX/WEX/191201DYH/S069_SZ20190928021PES-c_ffpedna_wesplus_34086_S25_L004_R1_001.fastq.gz,/home/pengjia/ProjectMSI/ctDNA/DATD/HaploX/WEX/191201DYH/S069_SZ20190928021PES-c_ffpedna_wesplus_34086_S25_L004_R2_001.fastq.gz,ILM
ctMSI-CRC-0008,N,ctMSI-CRC-0008-N,t1,/home/pengjia/ProjectMSI/ctDNA/DATD/HaploX/WEX/191201DYH/S090_SZ20190917021WHB-c_gdna_wesplus_33647_S51_L004_R1_001.fastq.gz,/home/pengjia/ProjectMSI/ctDNA/DATD/HaploX/WEX/191201DYH/S090_SZ20190917021WHB-c_gdna_wesplus_33647_S51_L004_R2_001.fastq.gz,ILM
ctMSI-CRC-0008,T,ctMSI-CRC-0008-T,t1,/home/pengjia/ProjectMSI/ctDNA/DATD/HaploX/WEX/191201DYH/S068_SZ20190928020PES-7_ffpedna_wesplus_34085_S24_L004_R1_001.fastq.gz,/home/pengjia/ProjectMSI/ctDNA/DATD/HaploX/WEX/191201DYH/S068_SZ20190928020PES-7_ffpedna_wesplus_34085_S24_L004_R2_001.fastq.gz,ILM
ctMSI-CRC-0009,N,ctMSI-CRC-0009-N,t1,/home/pengjia/ProjectMSI/ctDNA/DATD/HaploX/WEX/191201DYH/S089_SZ20190917020WHB-6_gdna_wesplus_33646_S50_L004_R1_001.fastq.gz,/home/pengjia/ProjectMSI/ctDNA/DATD/HaploX/WEX/191201DYH/S089_SZ20190917020WHB-6_gdna_wesplus_33646_S50_L004_R2_001.fastq.gz,ILM
ctMSI-CRC-0009,T,ctMSI-CRC-0009-T,t1,/home/pengjia/ProjectMSI/ctDNA/DATD/HaploX/WEX/191201DYH/S067_SZ20190928019PES-8_ffpedna_wesplus_34084_S23_L004_R1_001.fastq.gz,/home/pengjia/ProjectMSI/ctDNA/DATD/HaploX/WEX/191201DYH/S067_SZ20190928019PES-8_ffpedna_wesplus_34084_S23_L004_R2_001.fastq.gz,ILM
ctMSI-CRC-0010,N,ctMSI-CRC-0010-N,t1,/home/pengjia/ProjectMSI/ctDNA/DATD/HaploX/WEX/191201DYH/S040_SZ20190831030WHB-6_gdna_wesplus_32892_S40_L003_R1_001.fastq.gz,/home/pengjia/ProjectMSI/ctDNA/DATD/HaploX/WEX/191201DYH/S040_SZ20190831030WHB-6_gdna_wesplus_32892_S40_L003_R2_001.fastq.gz,ILM
ctMSI-CRC-0010,T,ctMSI-CRC-0010-T,t1,/home/pengjia/ProjectMSI/ctDNA/DATD/HaploX/WEX/191201DYH/S006_SZ20190914010PES-0_ffpedna_wesplus_33458_S31_L003_R1_001.fastq.gz,/home/pengjia/ProjectMSI/ctDNA/DATD/HaploX/WEX/191201DYH/S006_SZ20190914010PES-0_ffpedna_wesplus_33458_S31_L003_R2_001.fastq.gz,ILM
ctMSI-CRC-0011,N,ctMSI-CRC-0011-N,t1,/home/pengjia/ProjectMSI/ctDNA/DATD/HaploX/WEX/191201DYH/S022_SZ20190223008WHB-c_gdna_wesplus_25753_S15_L002_R1_001.fastq.gz,/home/pengjia/ProjectMSI/ctDNA/DATD/HaploX/WEX/191201DYH/S022_SZ20190223008WHB-c_gdna_wesplus_25753_S15_L002_R2_001.fastq.gz,ILM
ctMSI-CRC-0011,T,ctMSI-CRC-0011-T,t1,/home/pengjia/ProjectMSI/ctDNA/DATD/HaploX/WEX/191201DYH/S089_SZ20190321063PES-8_ffpedna_wesplus_26442_S14_L004_R1_001.fastq.gz,/home/pengjia/ProjectMSI/ctDNA/DATD/HaploX/WEX/191201DYH/S089_SZ20190321063PES-8_ffpedna_wesplus_26442_S14_L004_R2_001.fastq.gz,ILM
ctMSI-CRC-0011,T1,ctMSI-CRC-0011-T1,t1,/home/pengjia/ProjectMSI/ctDNA/DATD/HaploX/WEX/191201DYH/S002_SZ20190911018PES-0_ffpedna_wesplus_33454_S27_L003_R1_001.fastq.gz,/home/pengjia/ProjectMSI/ctDNA/DATD/HaploX/WEX/191201DYH/S002_SZ20190911018PES-0_ffpedna_wesplus_33454_S27_L003_R2_001.fastq.gz,ILM
ctMSI-CRC-0012,N,ctMSI-CRC-0012-N,t1,/home/pengjia/ProjectMSI/ctDNA/DATD/HaploX/WEX/191201DYH/S003_SZ20190702017WHB-5_gdna_wesplus_31378_S84_L001_R1_001.fastq.gz,/home/pengjia/ProjectMSI/ctDNA/DATD/HaploX/WEX/191201DYH/S003_SZ20190702017WHB-5_gdna_wesplus_31378_S84_L001_R2_001.fastq.gz,ILM
ctMSI-CRC-0012,T,ctMSI-CRC-0012-T,t1,/home/pengjia/ProjectMSI/ctDNA/DATD/HaploX/WEX/191201DYH/S001_SZ20190911014PES-1_ffpedna_wesplus_33453_S26_L003_R1_001.fastq.gz,/home/pengjia/ProjectMSI/ctDNA/DATD/HaploX/WEX/191201DYH/S001_SZ20190911014PES-1_ffpedna_wesplus_33453_S26_L003_R2_001.fastq.gz,ILM
ctMSI-CRC-0013,T,ctMSI-CRC-0013-T,t1,/home/pengjia/ProjectMSI/ctDNA/DATD/HaploX/WEX/191201DYH/S107_SZ20190907029PES-d_ffpedna_wesplus_33106_S46_L004_R1_001.fastq.gz,/home/pengjia/ProjectMSI/ctDNA/DATD/HaploX/WEX/191201DYH/S107_SZ20190907029PES-d_ffpedna_wesplus_33106_S46_L004_R2_001.fastq.gz,ILM
ctMSI-CRC-0013,N,ctMSI-CRC-0013-N,t1,/home/pengjia/ProjectMSI/ctDNA/DATD/HaploX/WEX/191201DYH/S039_SZ20190907028WHB-8_gdna_wesplus_33178_S39_L004_R1_001.fastq.gz,/home/pengjia/ProjectMSI/ctDNA/DATD/HaploX/WEX/191201DYH/S039_SZ20190907028WHB-8_gdna_wesplus_33178_S39_L004_R2_001.fastq.gz,ILM
ctMSI-CRC-0014,N,ctMSI-CRC-0014-N,t1,/home/pengjia/ProjectMSI/ctDNA/DATD/HaploX/WEX/191201DYH/S006_SZ20190704028WHB-6_gdna_wesplus_31381_S87_L001_R1_001.fastq.gz,/home/pengjia/ProjectMSI/ctDNA/DATD/HaploX/WEX/191201DYH/S006_SZ20190704028WHB-6_gdna_wesplus_31381_S87_L001_R2_001.fastq.gz,ILM
ctMSI-CRC-0014,T,ctMSI-CRC-0014-T,t1,/home/pengjia/ProjectMSI/ctDNA/DATD/HaploX/WEX/191201DYH/S106_SZ20190907026PES-1_ffpedna_wesplus_33105_S45_L004_R1_001.fastq.gz,/home/pengjia/ProjectMSI/ctDNA/DATD/HaploX/WEX/191201DYH/S106_SZ20190907026PES-1_ffpedna_wesplus_33105_S45_L004_R2_001.fastq.gz,ILM
ctMSI-CRC-0015,N,ctMSI-CRC-0015-N,t1,/home/pengjia/ProjectMSI/ctDNA/DATD/HaploX/WEX/191201DYH/S135_SZ20190122013WHB-e_gdna_wesplus_22082_S55_L004_R1_001.fastq.gz,/home/pengjia/ProjectMSI/ctDNA/DATD/HaploX/WEX/191201DYH/S135_SZ20190122013WHB-e_gdna_wesplus_22082_S55_L004_R2_001.fastq.gz,ILM
ctMSI-CRC-0015,T,ctMSI-CRC-0015-T,t1,/home/pengjia/ProjectMSI/ctDNA/DATD/HaploX/WEX/191201DYH/S041_SZ20190323009PES-9_ffpedna_wesplus_26646_S9_L002_R1_001.fastq.gz,/home/pengjia/ProjectMSI/ctDNA/DATD/HaploX/WEX/191201DYH/S041_SZ20190323009PES-9_ffpedna_wesplus_26646_S9_L002_R2_001.fastq.gz,ILM
ctMSI-CRC-0016,T,ctMSI-CRC-0016-T,t1,/home/pengjia/ProjectMSI/ctDNA/DATD/HaploX/WEX/191201DYH/S039_SZ20190611021PES-1_ffpedna_wesplus_30232_S9_L003_R1_001.fastq.gz,/home/pengjia/ProjectMSI/ctDNA/DATD/HaploX/WEX/191201DYH/S039_SZ20190611021PES-1_ffpedna_wesplus_30232_S9_L003_R2_001.fastq.gz,ILM
ctMSI-CRC-0016,N,ctMSI-CRC-0016-N,t1,/home/pengjia/ProjectMSI/ctDNA/DATD/HaploX/WEX/191201DYH/S073_SZ20190529021WHB-f_gdna_wesplus_30266_S19_L004_R1_001.fastq.gz,/home/pengjia/ProjectMSI/ctDNA/DATD/HaploX/WEX/191201DYH/S073_SZ20190529021WHB-f_gdna_wesplus_30266_S19_L004_R2_001.fastq.gz,ILM
ctMSI-CRC-0017,T,ctMSI-CRC-0017-T,t1,/home/pengjia/ProjectMSI/ctDNA/DATD/HaploX/WEX/191201DYH/S075_SZ20190411017PES-1_ffpedna_wesplus_24267_S10_L004_R1_001.fastq.gz,/home/pengjia/ProjectMSI/ctDNA/DATD/HaploX/WEX/191201DYH/S075_SZ20190411017PES-1_ffpedna_wesplus_24267_S10_L004_R2_001.fastq.gz,ILM
ctMSI-CRC-0017,N,ctMSI-CRC-0017-N,t1,/home/pengjia/ProjectMSI/ctDNA/DATD/HaploX/WEX/191201DYH/S044_SZ20190319071WHB-5_gdna_wesplus_24543_S4_L003_R1_001.fastq.gz,/home/pengjia/ProjectMSI/ctDNA/DATD/HaploX/WEX/191201DYH/S044_SZ20190319071WHB-5_gdna_wesplus_24543_S4_L003_R2_001.fastq.gz,ILM
ctMSI-CRC-0017,T1,ctMSI-CRC-0017-T1,t1,/home/pengjia/ProjectMSI/ctDNA/DATD/HaploX/WEX/191201DYH/S076_SZ20190829013PES-9_ffpedna_wesplus_32606_S30_L004_R1_001.fastq.gz,/home/pengjia/ProjectMSI/ctDNA/DATD/HaploX/WEX/191201DYH/S076_SZ20190829013PES-9_ffpedna_wesplus_32606_S30_L004_R2_001.fastq.gz,ILM
ctMSI-CRC-0018,T,ctMSI-CRC-0018-T,t1,/home/pengjia/ProjectMSI/ctDNA/DATD/HaploX/WEX/191201DYH/S075_SZ20190829012PES-b_ffpedna_wesplus_32605_S29_L004_R1_001.fastq.gz,/home/pengjia/ProjectMSI/ctDNA/DATD/HaploX/WEX/191201DYH/S075_SZ20190829012PES-b_ffpedna_wesplus_32605_S29_L004_R2_001.fastq.gz,ILM
ctMSI-CRC-0018,N,ctMSI-CRC-0018-N,t1,/home/pengjia/ProjectMSI/ctDNA/DATD/HaploX/WEX/191201DYH/S078_SZ20190829011WHB-0_gdna_wesplus_32608_S32_L004_R1_001.fastq.gz,/home/pengjia/ProjectMSI/ctDNA/DATD/HaploX/WEX/191201DYH/S078_SZ20190829011WHB-0_gdna_wesplus_32608_S32_L004_R2_001.fastq.gz,ILM
ctMSI-CRC-0019,N,ctMSI-CRC-0019-N,t1,/home/pengjia/ProjectMSI/ctDNA/DATD/HaploX/WEX/191201DYH/S004_SZ20190406026WHB-a_gdna_wesplus_29195_S4_L001_R1_001.fastq.gz,/home/pengjia/ProjectMSI/ctDNA/DATD/HaploX/WEX/191201DYH/S004_SZ20190406026WHB-a_gdna_wesplus_29195_S4_L001_R2_001.fastq.gz,ILM
ctMSI-CRC-0019,T,ctMSI-CRC-0019-T,t1,/home/pengjia/ProjectMSI/ctDNA/DATD/HaploX/WEX/191201DYH/S085_SZ20190827033PES-2_ffpedna_wesplus_32517_S34_L004_R1_001.fastq.gz,/home/pengjia/ProjectMSI/ctDNA/DATD/HaploX/WEX/191201DYH/S085_SZ20190827033PES-2_ffpedna_wesplus_32517_S34_L004_R2_001.fastq.gz,ILM
ctMSI-CRC-0020,N,ctMSI-CRC-0020-N,t1,/home/pengjia/ProjectMSI/ctDNA/DATD/HaploX/WEX/191201DYH/S029_SZ20190518023WHB-6_gdna_wesplus_30311_S6_L002_R1_001.fastq.gz,/home/pengjia/ProjectMSI/ctDNA/DATD/HaploX/WEX/191201DYH/S029_SZ20190518023WHB-6_gdna_wesplus_30311_S6_L002_R2_001.fastq.gz,ILM
ctMSI-CRC-0020,T,ctMSI-CRC-0020-T,t1,/home/pengjia/ProjectMSI/ctDNA/DATD/HaploX/WEX/191201DYH/S084_SZ20190827030PES-d_ffpedna_wesplus_32516_S33_L004_R1_001.fastq.gz,/home/pengjia/ProjectMSI/ctDNA/DATD/HaploX/WEX/191201DYH/S084_SZ20190827030PES-d_ffpedna_wesplus_32516_S33_L004_R2_001.fastq.gz,ILM
ctMSI-CRC-0020,T1,ctMSI-CRC-0020-T1,t1,/home/pengjia/ProjectMSI/ctDNA/DATD/HaploX/WEX/191201DYH/S085_SZ20191116027PES-7_ffpedna_wesplus_36499_S47_L004_R1_001.fastq.gz,/home/pengjia/ProjectMSI/ctDNA/DATD/HaploX/WEX/191201DYH/S085_SZ20191116027PES-7_ffpedna_wesplus_36499_S47_L004_R2_001.fastq.gz,ILM
ctMSI-CRC-0021,N,ctMSI-CRC-0021-N,t1,/home/pengjia/ProjectMSI/ctDNA/DATD/HaploX/WEX/191201DYH/S004_SZ20190824041WHB-d_gdna_wesplus_32375_S26_L001_R1_001.fastq.gz,/home/pengjia/ProjectMSI/ctDNA/DATD/HaploX/WEX/191201DYH/S004_SZ20190824041WHB-d_gdna_wesplus_32375_S26_L001_R2_001.fastq.gz,ILM
ctMSI-CRC-0021,T,ctMSI-CRC-0021-T,t1,/home/pengjia/ProjectMSI/ctDNA/DATD/HaploX/WEX/191201DYH/S081_SZ20190824042PES-2_ffpedna_wesplus_32706_S44_L004_R1_001.fastq.gz,/home/pengjia/ProjectMSI/ctDNA/DATD/HaploX/WEX/191201DYH/S081_SZ20190824042PES-2_ffpedna_wesplus_32706_S44_L004_R2_001.fastq.gz,ILM
ctMSI-CRC-0022,N,ctMSI-CRC-0022-N,t1,/home/pengjia/ProjectMSI/ctDNA/DATD/HaploX/WEX/191201DYH/S127_SZ20190625020WHB-9_gdna_wesplus_30994_S53_L004_R1_001.fastq.gz,/home/pengjia/ProjectMSI/ctDNA/DATD/HaploX/WEX/191201DYH/S127_SZ20190625020WHB-9_gdna_wesplus_30994_S53_L004_R2_001.fastq.gz,ILM
ctMSI-CRC-0022,T,ctMSI-CRC-0022-T,t1,/home/pengjia/ProjectMSI/ctDNA/DATD/HaploX/WEX/191201DYH/S080_SZ20190824039PES-e_ffpedna_wesplus_32705_S43_L004_R1_001.fastq.gz,/home/pengjia/ProjectMSI/ctDNA/DATD/HaploX/WEX/191201DYH/S080_SZ20190824039PES-e_ffpedna_wesplus_32705_S43_L004_R2_001.fastq.gz,ILM
ctMSI-CRC-0023,T,ctMSI-CRC-0023-T,t1,/home/pengjia/ProjectMSI/ctDNA/DATD/HaploX/WEX/191201DYH/S057_SZ20190515014PES-f_ffpedna_wesplus_29081_S24_L002_R1_001.fastq.gz,/home/pengjia/ProjectMSI/ctDNA/DATD/HaploX/WEX/191201DYH/S057_SZ20190515014PES-f_ffpedna_wesplus_29081_S24_L002_R2_001.fastq.gz,ILM
ctMSI-CRC-0023,N,ctMSI-CRC-0023-N,t1,/home/pengjia/ProjectMSI/ctDNA/DATD/HaploX/WEX/191201DYH/S027_SZ20190515013WHB-6_gdna_wesplus_30309_S4_L002_R1_001.fastq.gz,/home/pengjia/ProjectMSI/ctDNA/DATD/HaploX/WEX/191201DYH/S027_SZ20190515013WHB-6_gdna_wesplus_30309_S4_L002_R2_001.fastq.gz,ILM
ctMSI-CRC-0024,T,ctMSI-CRC-0024-T,t1,/home/pengjia/ProjectMSI/ctDNA/DATD/HaploX/WEX/191201DYH/S037_SZ20190317023PES-0_ffpedna_wesplus_26642_S5_L002_R1_001.fastq.gz,/home/pengjia/ProjectMSI/ctDNA/DATD/HaploX/WEX/191201DYH/S037_SZ20190317023PES-0_ffpedna_wesplus_26642_S5_L002_R2_001.fastq.gz,ILM
ctMSI-CRC-0024,N,ctMSI-CRC-0024-N,t1,/home/pengjia/ProjectMSI/ctDNA/DATD/HaploX/WEX/191201DYH/S036_SZ20190317024WHB-4_gdna_wesplus_27324_S12_L002_R1_001.fastq.gz,/home/pengjia/ProjectMSI/ctDNA/DATD/HaploX/WEX/191201DYH/S036_SZ20190317024WHB-4_gdna_wesplus_27324_S12_L002_R2_001.fastq.gz,ILM
ctMSI-CRC-0024,T1,ctMSI-CRC-0024-T1,t1,/home/pengjia/ProjectMSI/ctDNA/DATD/HaploX/WEX/191201DYH/S079_SZ20190824037PES-5_ffpedna_wesplus_32704_S42_L004_R1_001.fastq.gz,/home/pengjia/ProjectMSI/ctDNA/DATD/HaploX/WEX/191201DYH/S079_SZ20190824037PES-5_ffpedna_wesplus_32704_S42_L004_R2_001.fastq.gz,ILM
ctMSI-CRC-0025,N,ctMSI-CRC-0025-N,t1,/home/pengjia/ProjectMSI/ctDNA/DATD/HaploX/WEX/191201DYH/S100_SZ20190813031WHB-7_gdna_wesplus_31938_S36_L004_R1_001.fastq.gz,/home/pengjia/ProjectMSI/ctDNA/DATD/HaploX/WEX/191201DYH/S100_SZ20190813031WHB-7_gdna_wesplus_31938_S36_L004_R2_001.fastq.gz,ILM
ctMSI-CRC-0025,T,ctMSI-CRC-0025-T,t1,/home/pengjia/ProjectMSI/ctDNA/DATD/HaploX/WEX/191201DYH/S077_SZ20190824031PES-5_ffpedna_wesplus_32702_S40_L004_R1_001.fastq.gz,/home/pengjia/ProjectMSI/ctDNA/DATD/HaploX/WEX/191201DYH/S077_SZ20190824031PES-5_ffpedna_wesplus_32702_S40_L004_R2_001.fastq.gz,ILM
ctMSI-CRC-0026,N,ctMSI-CRC-0026-N,t1,/home/pengjia/ProjectMSI/ctDNA/DATD/HaploX/WEX/191201DYH/S015_SZ20190219055WHB-2_gdna_wesplus_25746_S8_L002_R1_001.fastq.gz,/home/pengjia/ProjectMSI/ctDNA/DATD/HaploX/WEX/191201DYH/S015_SZ20190219055WHB-2_gdna_wesplus_25746_S8_L002_R2_001.fastq.gz,ILM
ctMSI-CRC-0026,T,ctMSI-CRC-0026-T,t1,/home/pengjia/ProjectMSI/ctDNA/DATD/HaploX/WEX/191201DYH/S093_SZ20190821019PES-3_ffpedna_wesplus_32623_S47_L004_R1_001.fastq.gz,/home/pengjia/ProjectMSI/ctDNA/DATD/HaploX/WEX/191201DYH/S093_SZ20190821019PES-3_ffpedna_wesplus_32623_S47_L004_R2_001.fastq.gz,ILM
ctMSI-CRC-0027,N,ctMSI-CRC-0027-N,t1,/home/pengjia/ProjectMSI/ctDNA/DATD/HaploX/WEX/191201DYH/S078_SZ20190808018WHB-f_gdna_wesplus_31754_S42_L004_R1_001.fastq.gz,/home/pengjia/ProjectMSI/ctDNA/DATD/HaploX/WEX/191201DYH/S078_SZ20190808018WHB-f_gdna_wesplus_31754_S42_L004_R2_001.fastq.gz,ILM
ctMSI-CRC-0027,T,ctMSI-CRC-0027-T,t1,/home/pengjia/ProjectMSI/ctDNA/DATD/HaploX/WEX/191201DYH/S091_SZ20190821017PES-6_ffpedna_wesplus_32621_S45_L004_R1_001.fastq.gz,/home/pengjia/ProjectMSI/ctDNA/DATD/HaploX/WEX/191201DYH/S091_SZ20190821017PES-6_ffpedna_wesplus_32621_S45_L004_R2_001.fastq.gz,ILM
ctMSI-CRC-0028,N,ctMSI-CRC-0028-N,t1,/home/pengjia/ProjectMSI/ctDNA/DATD/HaploX/WEX/191201DYH/S120_SZ20190413021WHB-e_gdna_wesplus_28468_S21_L004_R1_001.fastq.gz,/home/pengjia/ProjectMSI/ctDNA/DATD/HaploX/WEX/191201DYH/S120_SZ20190413021WHB-e_gdna_wesplus_28468_S21_L004_R2_001.fastq.gz,ILM
ctMSI-CRC-0028,T,ctMSI-CRC-0028-T,t1,/home/pengjia/ProjectMSI/ctDNA/DATD/HaploX/WEX/191201DYH/S011_SZ20190816024PES-2_ffpedna_wesplus_32382_S5_L002_R1_001.fastq.gz,/home/pengjia/ProjectMSI/ctDNA/DATD/HaploX/WEX/191201DYH/S011_SZ20190816024PES-2_ffpedna_wesplus_32382_S5_L002_R2_001.fastq.gz,ILM
ctMSI-CRC-0029,N,ctMSI-CRC-0029-N,t1,/home/pengjia/ProjectMSI/ctDNA/DATD/HaploX/WEX/191201DYH/S162_SZ20190319070WHB-6_gdna_wesplus_25714_S27_L004_R1_001.fastq.gz,/home/pengjia/ProjectMSI/ctDNA/DATD/HaploX/WEX/191201DYH/S162_SZ20190319070WHB-6_gdna_wesplus_25714_S27_L004_R2_001.fastq.gz,ILM
ctMSI-CRC-0029,T,ctMSI-CRC-0029-T,t1,/home/pengjia/ProjectMSI/ctDNA/DATD/HaploX/WEX/191201DYH/S010_SZ20190816023PES-3_ffpedna_wesplus_32381_S4_L002_R1_001.fastq.gz,/home/pengjia/ProjectMSI/ctDNA/DATD/HaploX/WEX/191201DYH/S010_SZ20190816023PES-3_ffpedna_wesplus_32381_S4_L002_R2_001.fastq.gz,ILM
ctMSI-CRC-0030,N,ctMSI-CRC-0030-N,t1,/home/pengjia/ProjectMSI/ctDNA/DATD/HaploX/WEX/191201DYH/S034_SZ20181212002WHB-8_gdna_wesplus_17475_S34_L002_R1_001.fastq.gz,/home/pengjia/ProjectMSI/ctDNA/DATD/HaploX/WEX/191201DYH/S034_SZ20181212002WHB-8_gdna_wesplus_17475_S34_L002_R2_001.fastq.gz,ILM
ctMSI-CRC-0030,T,ctMSI-CRC-0030-T,t1,/home/pengjia/ProjectMSI/ctDNA/DATD/HaploX/WEX/191201DYH/S009_SZ20190816022PES-1_ffpedna_wesplus_32380_S3_L002_R1_001.fastq.gz,/home/pengjia/ProjectMSI/ctDNA/DATD/HaploX/WEX/191201DYH/S009_SZ20190816022PES-1_ffpedna_wesplus_32380_S3_L002_R2_001.fastq.gz,ILM
ctMSI-CRC-0031,N,ctMSI-CRC-0031-N,t1,/home/pengjia/ProjectMSI/ctDNA/DATD/HaploX/WEX/191201DYH/S074_SZ20190508016WHB-9_gdna_wesplus_28104_S10_L004_R1_001.fastq.gz,/home/pengjia/ProjectMSI/ctDNA/DATD/HaploX/WEX/191201DYH/S074_SZ20190508016WHB-9_gdna_wesplus_28104_S10_L004_R2_001.fastq.gz,ILM
ctMSI-CRC-0031,T,ctMSI-CRC-0031-T,t1,/home/pengjia/ProjectMSI/ctDNA/DATD/HaploX/WEX/191201DYH/S008_SZ20190816021PES-a_ffpedna_wesplus_32379_S2_L002_R1_001.fastq.gz,/home/pengjia/ProjectMSI/ctDNA/DATD/HaploX/WEX/191201DYH/S008_SZ20190816021PES-a_ffpedna_wesplus_32379_S2_L002_R2_001.fastq.gz,ILM
ctMSI-CRC-0032,N,ctMSI-CRC-0032-N,t1,/home/pengjia/ProjectMSI/ctDNA/DATD/HaploX/WEX/191201DYH/S008_SZ20190613013WHB-4_gdna_wesplus_30875_S8_L002_R1_001.fastq.gz,/home/pengjia/ProjectMSI/ctDNA/DATD/HaploX/WEX/191201DYH/S008_SZ20190613013WHB-4_gdna_wesplus_30875_S8_L002_R2_001.fastq.gz,ILM
ctMSI-CRC-0032,T,ctMSI-CRC-0032-T,t1,/home/pengjia/ProjectMSI/ctDNA/DATD/HaploX/WEX/191201DYH/S076_SZ20190810019PES-6_ffpedna_wesplus_31752_S40_L004_R1_001.fastq.gz,/home/pengjia/ProjectMSI/ctDNA/DATD/HaploX/WEX/191201DYH/S076_SZ20190810019PES-6_ffpedna_wesplus_31752_S40_L004_R2_001.fastq.gz,ILM
ctMSI-CRC-0033,N,ctMSI-CRC-0033-N,t1,/home/pengjia/ProjectMSI/ctDNA/DATD/HaploX/WEX/191201DYH/S025_SZ20190424014WHB-5_gdna_wesplus_29049_S25_L001_R1_001.fastq.gz,/home/pengjia/ProjectMSI/ctDNA/DATD/HaploX/WEX/191201DYH/S025_SZ20190424014WHB-5_gdna_wesplus_29049_S25_L001_R2_001.fastq.gz,ILM
ctMSI-CRC-0033,T,ctMSI-CRC-0033-T,t1,/home/pengjia/ProjectMSI/ctDNA/DATD/HaploX/WEX/191201DYH/S040_SZ20190613009PES-4_ffpedna_wesplus_30233_S10_L003_R1_001.fastq.gz,/home/pengjia/ProjectMSI/ctDNA/DATD/HaploX/WEX/191201DYH/S040_SZ20190613009PES-4_ffpedna_wesplus_30233_S10_L003_R2_001.fastq.gz,ILM
ctMSI-CRC-0034,N,ctMSI-CRC-0034-N,t1,/home/pengjia/ProjectMSI/ctDNA/DATD/HaploX/WEX/191201DYH/S107_SZ20190201240WHB-4_gdna_wesplus_24466_S32_L004_R1_001.fastq.gz,/home/pengjia/ProjectMSI/ctDNA/DATD/HaploX/WEX/191201DYH/S107_SZ20190201240WHB-4_gdna_wesplus_24466_S32_L004_R2_001.fastq.gz,ILM
ctMSI-CRC-0034,T,ctMSI-CRC-0034-T,t1,/home/pengjia/ProjectMSI/ctDNA/DATD/HaploX/WEX/191201DYH/S084_SZ20190501032PES-3_ffpedna_wesplus_26437_S9_L004_R1_001.fastq.gz,/home/pengjia/ProjectMSI/ctDNA/DATD/HaploX/WEX/191201DYH/S084_SZ20190501032PES-3_ffpedna_wesplus_26437_S9_L004_R2_001.fastq.gz,ILM
ctMSI-CRC-0035,N,ctMSI-CRC-0035-N,t1,/home/pengjia/ProjectMSI/ctDNA/DATD/HaploX/WEX/191201DYH/S034_SZ20190802016WHB-e_gdna_wesplus_31409_S19_L003_R1_001.fastq.gz,/home/pengjia/ProjectMSI/ctDNA/DATD/HaploX/WEX/191201DYH/S034_SZ20190802016WHB-e_gdna_wesplus_31409_S19_L003_R2_001.fastq.gz,ILM
ctMSI-CRC-0035,T,ctMSI-CRC-0035-T,t1,/home/pengjia/ProjectMSI/ctDNA/DATD/HaploX/WEX/191201DYH/S029_SZ20190802017PES-8_ffpedna_wesplus_31601_S11_L002_R1_001.fastq.gz,/home/pengjia/ProjectMSI/ctDNA/DATD/HaploX/WEX/191201DYH/S029_SZ20190802017PES-8_ffpedna_wesplus_31601_S11_L002_R2_001.fastq.gz,ILM
ctMSI-CRC-0036,N,ctMSI-CRC-0036-N,t1,/home/pengjia/ProjectMSI/ctDNA/DATD/HaploX/WEX/191201DYH/S034_20181130026-7_gdna_wesplus_16229_S29_L002_R1_001.fastq.gz,/home/pengjia/ProjectMSI/ctDNA/DATD/HaploX/WEX/191201DYH/S034_20181130026-7_gdna_wesplus_16229_S29_L002_R2_001.fastq.gz,ILM
ctMSI-CRC-0036,T,ctMSI-CRC-0036-T,t1,/home/pengjia/ProjectMSI/ctDNA/DATD/HaploX/WEX/191201DYH/S001_SZ20190702018PES-2_ffpedna_wesplus_30702_S20_L001_R1_001.fastq.gz,/home/pengjia/ProjectMSI/ctDNA/DATD/HaploX/WEX/191201DYH/S001_SZ20190702018PES-2_ffpedna_wesplus_30702_S20_L001_R2_001.fastq.gz,ILM
ctMSI-CRC-0037,N,ctMSI-CRC-0037-N,t1,/home/pengjia/ProjectMSI/ctDNA/DATD/HaploX/WEX/191201DYH/S001_SZ20190119011WHB-e_gdna_wesplus_22101_S1_L002_R1_001.fastq.gz,/home/pengjia/ProjectMSI/ctDNA/DATD/HaploX/WEX/191201DYH/S001_SZ20190119011WHB-e_gdna_wesplus_22101_S1_L002_R2_001.fastq.gz,ILM
ctMSI-CRC-0037,T,ctMSI-CRC-0037-T,t1,/home/pengjia/ProjectMSI/ctDNA/DATD/HaploX/WEX/191201DYH/S001_SZ20190216010PES-e_ffpedna_wesplus_25732_S55_L001_R1_001.fastq.gz,/home/pengjia/ProjectMSI/ctDNA/DATD/HaploX/WEX/191201DYH/S001_SZ20190216010PES-e_ffpedna_wesplus_25732_S55_L001_R2_001.fastq.gz,ILM
ctMSI-CRC-0038,T,ctMSI-CRC-0038-T,t1,/home/pengjia/ProjectMSI/ctDNA/DATD/HaploX/WEX/191201DYH/S135_SZ20190427022PES-0_ffpedna_wesplus_27693_S7_L004_R1_001.fastq.gz,/home/pengjia/ProjectMSI/ctDNA/DATD/HaploX/WEX/191201DYH/S135_SZ20190427022PES-0_ffpedna_wesplus_27693_S7_L004_R2_001.fastq.gz,ILM
ctMSI-CRC-0038,N,ctMSI-CRC-0038-N,t1,/home/pengjia/ProjectMSI/ctDNA/DATD/HaploX/WEX/191201DYH/S021_SZ20190427021WHB-3_gdna_wesplus_29045_S21_L001_R1_001.fastq.gz,/home/pengjia/ProjectMSI/ctDNA/DATD/HaploX/WEX/191201DYH/S021_SZ20190427021WHB-3_gdna_wesplus_29045_S21_L001_R2_001.fastq.gz,ILM
ctMSI-CRC-0039,N,ctMSI-CRC-0039-N,t1,/home/pengjia/ProjectMSI/ctDNA/DATD/HaploX/WEX/191201DYH/S053_SZ20190501025WHB-e_gdna_wesplus_28744_S1_L003_R1_001.fastq.gz,/home/pengjia/ProjectMSI/ctDNA/DATD/HaploX/WEX/191201DYH/S053_SZ20190501025WHB-e_gdna_wesplus_28744_S1_L003_R2_001.fastq.gz,ILM
ctMSI-CRC-0039,T,ctMSI-CRC-0039-T,t1,/home/pengjia/ProjectMSI/ctDNA/DATD/HaploX/WEX/191201DYH/S129_SZ20190719022PES-4_ffpedna_wesplus_30830_S47_L004_R1_001.fastq.gz,/home/pengjia/ProjectMSI/ctDNA/DATD/HaploX/WEX/191201DYH/S129_SZ20190719022PES-4_ffpedna_wesplus_30830_S47_L004_R2_001.fastq.gz,ILM
ctMSI-CRC-0040,T,ctMSI-CRC-0040-T,t1,/home/pengjia/ProjectMSI/ctDNA/DATD/HaploX/WEX/191201DYH/S008_SZ20190713032PES-6_ffpedna_wesplus_30709_S27_L001_R1_001.fastq.gz,/home/pengjia/ProjectMSI/ctDNA/DATD/HaploX/WEX/191201DYH/S008_SZ20190713032PES-6_ffpedna_wesplus_30709_S27_L001_R2_001.fastq.gz,ILM
ctMSI-CRC-0040,N,ctMSI-CRC-0040-N,t1,/home/pengjia/ProjectMSI/ctDNA/DATD/HaploX/WEX/191201DYH/S004_SZ20190704026WHB-f_gdna_wesplus_31379_S85_L001_R1_001.fastq.gz,/home/pengjia/ProjectMSI/ctDNA/DATD/HaploX/WEX/191201DYH/S004_SZ20190704026WHB-f_gdna_wesplus_31379_S85_L001_R2_001.fastq.gz,ILM
ctMSI-CRC-0041,T,ctMSI-CRC-0041-T,t1,/home/pengjia/ProjectMSI/ctDNA/DATD/HaploX/WEX/191201DYH/S007_SZ20190711012PES-3_ffpedna_wesplus_30708_S26_L001_R1_001.fastq.gz,/home/pengjia/ProjectMSI/ctDNA/DATD/HaploX/WEX/191201DYH/S007_SZ20190711012PES-3_ffpedna_wesplus_30708_S26_L001_R2_001.fastq.gz,ILM
ctMSI-CRC-0041,N,ctMSI-CRC-0041-N,t1,/home/pengjia/ProjectMSI/ctDNA/DATD/HaploX/WEX/191201DYH/S023_SZ20190711011WHB-7_gdna_wesplus_30890_S23_L002_R1_001.fastq.gz,/home/pengjia/ProjectMSI/ctDNA/DATD/HaploX/WEX/191201DYH/S023_SZ20190711011WHB-7_gdna_wesplus_30890_S23_L002_R2_001.fastq.gz,ILM
ctMSI-CRC-0042,T,ctMSI-CRC-0042-T,t1,/home/pengjia/ProjectMSI/ctDNA/DATD/HaploX/WEX/191201DYH/S020_SZ20190227004PES-2_ffpedna_wesplus_25387_S20_L001_R1_001.fastq.gz,/home/pengjia/ProjectMSI/ctDNA/DATD/HaploX/WEX/191201DYH/S020_SZ20190227004PES-2_ffpedna_wesplus_25387_S20_L001_R2_001.fastq.gz,ILM
ctMSI-CRC-0042,N,ctMSI-CRC-0042-N,t1,/home/pengjia/ProjectMSI/ctDNA/DATD/HaploX/WEX/191201DYH/S100_SZ20190223007WHB-b_gdna_wesplus_25831_S20_L004_R1_001.fastq.gz,/home/pengjia/ProjectMSI/ctDNA/DATD/HaploX/WEX/191201DYH/S100_SZ20190223007WHB-b_gdna_wesplus_25831_S20_L004_R2_001.fastq.gz,ILM
ctMSI-CRC-0043,T,ctMSI-CRC-0043-T,t1,/home/pengjia/ProjectMSI/ctDNA/DATD/HaploX/WEX/191201DYH/S012_SZ20190629019PES-c_ffpedna_wesplus_30205_S16_L001_R1_001.fastq.gz,/home/pengjia/ProjectMSI/ctDNA/DATD/HaploX/WEX/191201DYH/S012_SZ20190629019PES-c_ffpedna_wesplus_30205_S16_L001_R2_001.fastq.gz,ILM
ctMSI-CRC-0043,N,ctMSI-CRC-0043-N,t1,/home/pengjia/ProjectMSI/ctDNA/DATD/HaploX/WEX/191201DYH/S007_SZ20190613012WHB-a_gdna_wesplus_30874_S7_L002_R1_001.fastq.gz,/home/pengjia/ProjectMSI/ctDNA/DATD/HaploX/WEX/191201DYH/S007_SZ20190613012WHB-a_gdna_wesplus_30874_S7_L002_R2_001.fastq.gz,ILM
ctMSI-CRC-0044,N,ctMSI-CRC-0044-N,t1,/home/pengjia/ProjectMSI/ctDNA/DATD/HaploX/WEX/191201DYH/S090_20181026004-8_gdna_wesplus_13951_S2_L004_R1_001.fastq.gz,/home/pengjia/ProjectMSI/ctDNA/DATD/HaploX/WEX/191201DYH/S090_20181026004-8_gdna_wesplus_13951_S2_L004_R2_001.fastq.gz,ILM
ctMSI-CRC-0044,T,ctMSI-CRC-0044-T,t1,/home/pengjia/ProjectMSI/ctDNA/DATD/HaploX/WEX/191201DYH/S036_20181028009-b_ffpedna_wesplus_14065_S28_L004_R1_001.fastq.gz,/home/pengjia/ProjectMSI/ctDNA/DATD/HaploX/WEX/191201DYH/S036_20181028009-b_ffpedna_wesplus_14065_S28_L004_R2_001.fastq.gz,ILM
ctMSI-CRC-0045,N,ctMSI-CRC-0045-N,t1,/home/pengjia/ProjectMSI/ctDNA/DATD/HaploX/WEX/191201DYH/S018_SZ20190111024WHB-a_gdna_wesplus_21738_S18_L002_R1_001.fastq.gz,/home/pengjia/ProjectMSI/ctDNA/DATD/HaploX/WEX/191201DYH/S018_SZ20190111024WHB-a_gdna_wesplus_21738_S18_L002_R2_001.fastq.gz,ILM
ctMSI-CRC-0045,T,ctMSI-CRC-0045-T,t1,/home/pengjia/ProjectMSI/ctDNA/DATD/HaploX/WEX/191201DYH/S166_SZ20190119008PES-e_ffpedna_wesplus_22283_S72_L004_R1_001.fastq.gz,/home/pengjia/ProjectMSI/ctDNA/DATD/HaploX/WEX/191201DYH/S166_SZ20190119008PES-e_ffpedna_wesplus_22283_S72_L004_R2_001.fastq.gz,ILM
ctMSI-CRC-0046,T,ctMSI-CRC-0046-T,t1,/home/pengjia/ProjectMSI/ctDNA/DATD/HaploX/WEX/191201DYH/S009_SZ20190619028PES-e_ffpedna_wesplus_30202_S13_L001_R1_001.fastq.gz,/home/pengjia/ProjectMSI/ctDNA/DATD/HaploX/WEX/191201DYH/S009_SZ20190619028PES-e_ffpedna_wesplus_30202_S13_L001_R2_001.fastq.gz,ILM
ctMSI-CRC-0046,N,ctMSI-CRC-0046-N,t1,/home/pengjia/ProjectMSI/ctDNA/DATD/HaploX/WEX/191201DYH/S003_SZ20190607031WHB-d_gdna_wesplus_30870_S3_L002_R1_001.fastq.gz,/home/pengjia/ProjectMSI/ctDNA/DATD/HaploX/WEX/191201DYH/S003_SZ20190607031WHB-d_gdna_wesplus_30870_S3_L002_R2_001.fastq.gz,ILM
ctMSI-CRC-0047,N,ctMSI-CRC-0047-N,t1,/home/pengjia/ProjectMSI/ctDNA/DATD/HaploX/WEX/191201DYH/S089_20181028007-4_gdna_wesplus_13950_S1_L004_R1_001.fastq.gz,/home/pengjia/ProjectMSI/ctDNA/DATD/HaploX/WEX/191201DYH/S089_20181028007-4_gdna_wesplus_13950_S1_L004_R2_001.fastq.gz,ILM
ctMSI-CRC-0047,T,ctMSI-CRC-0047-T,t1,/home/pengjia/ProjectMSI/ctDNA/DATD/HaploX/WEX/191201DYH/S037_20181028008-d_ffpedna_wesplus_14066_S29_L004_R1_001.fastq.gz,/home/pengjia/ProjectMSI/ctDNA/DATD/HaploX/WEX/191201DYH/S037_20181028008-d_ffpedna_wesplus_14066_S29_L004_R2_001.fastq.gz,ILM
ctMSI-CRC-0048,N,ctMSI-CRC-0048-N,t1,/home/pengjia/ProjectMSI/ctDNA/DATD/HaploX/WEX/191201DYH/S021_SZ20190607029WHB-4_gdna_wesplus_29628_S12_L002_R1_001.fastq.gz,/home/pengjia/ProjectMSI/ctDNA/DATD/HaploX/WEX/191201DYH/S021_SZ20190607029WHB-4_gdna_wesplus_29628_S12_L002_R2_001.fastq.gz,ILM
ctMSI-CRC-0048,T,ctMSI-CRC-0048-T,t1,/home/pengjia/ProjectMSI/ctDNA/DATD/HaploX/WEX/191201DYH/S041_SZ20190607030PES-4_ffpedna_wesplus_30116_S42_R1_001.fastq.gz,/home/pengjia/ProjectMSI/ctDNA/DATD/HaploX/WEX/191201DYH/S041_SZ20190607030PES-4_ffpedna_wesplus_30116_S42_R2_001.fastq.gz,ILM
ctMSI-CRC-0049,N,ctMSI-CRC-0049-N,t1,/home/pengjia/ProjectMSI/ctDNA/DATD/HaploX/WEX/191201DYH/S066_SZ20190104040WHB-5_gdna_wesplus_19396_S29_L004_R1_001.fastq.gz,/home/pengjia/ProjectMSI/ctDNA/DATD/HaploX/WEX/191201DYH/S066_SZ20190104040WHB-5_gdna_wesplus_19396_S29_L004_R2_001.fastq.gz,ILM
ctMSI-CRC-0049,T,ctMSI-CRC-0049-T,t1,/home/pengjia/ProjectMSI/ctDNA/DATD/HaploX/WEX/191201DYH/S117_SZ20190107004PES-9_ffpedna_wesplus_20047_S39_L004_R1_001.fastq.gz,/home/pengjia/ProjectMSI/ctDNA/DATD/HaploX/WEX/191201DYH/S117_SZ20190107004PES-9_ffpedna_wesplus_20047_S39_L004_R2_001.fastq.gz,ILM
ctMSI-CRC-0050,T,ctMSI-CRC-0050-T,t1,/home/pengjia/ProjectMSI/ctDNA/DATD/HaploX/WEX/191201DYH/S136_SZ20190213039PES-f_ffpedna_wesplus_21515_S32_L004_R1_001.fastq.gz,/home/pengjia/ProjectMSI/ctDNA/DATD/HaploX/WEX/191201DYH/S136_SZ20190213039PES-f_ffpedna_wesplus_21515_S32_L004_R2_001.fastq.gz,ILM
ctMSI-CRC-0050,N,ctMSI-CRC-0050-N,t1,/home/pengjia/ProjectMSI/ctDNA/DATD/HaploX/WEX/191201DYH/S138_SZ20190124020WHB-c_gdna_wesplus_22085_S58_L004_R1_001.fastq.gz,/home/pengjia/ProjectMSI/ctDNA/DATD/HaploX/WEX/191201DYH/S138_SZ20190124020WHB-c_gdna_wesplus_22085_S58_L004_R2_001.fastq.gz,ILM
ctMSI-CRC-0050,T1,ctMSI-CRC-0050-T1,t1,/home/pengjia/ProjectMSI/ctDNA/DATD/HaploX/WEX/191201DYH/S016_SZ20190213038PES-f_ffpedna_wesplus_25383_S16_L001_R1_001.fastq.gz,/home/pengjia/ProjectMSI/ctDNA/DATD/HaploX/WEX/191201DYH/S016_SZ20190213038PES-f_ffpedna_wesplus_25383_S16_L001_R2_001.fastq.gz,ILM
ctMSI-CRC-0051,N,ctMSI-CRC-0051-N,t1,/home/pengjia/ProjectMSI/ctDNA/DATD/HaploX/WEX/191201DYH/S133_SZ20190117018WHB-3_gdna_wesplus_21853_S56_L004_R1_001.fastq.gz,/home/pengjia/ProjectMSI/ctDNA/DATD/HaploX/WEX/191201DYH/S133_SZ20190117018WHB-3_gdna_wesplus_21853_S56_L004_R2_001.fastq.gz,ILM
ctMSI-CRC-0051,T,ctMSI-CRC-0051-T,t1,/home/pengjia/ProjectMSI/ctDNA/DATD/HaploX/WEX/191201DYH/S006_SZ20190201236PES-c_ffpedna_wesplus_25737_S60_L001_R1_001.fastq.gz,/home/pengjia/ProjectMSI/ctDNA/DATD/HaploX/WEX/191201DYH/S006_SZ20190201236PES-c_ffpedna_wesplus_25737_S60_L001_R2_001.fastq.gz,ILM
ctMSI-CRC-0052,N,ctMSI-CRC-0052-N,t1,/home/pengjia/ProjectMSI/ctDNA/DATD/HaploX/WEX/191201DYH/S035_20181114022-e_gdna_wesplus_14910_S12_L004_R1_001.fastq.gz,/home/pengjia/ProjectMSI/ctDNA/DATD/HaploX/WEX/191201DYH/S035_20181114022-e_gdna_wesplus_14910_S12_L004_R2_001.fastq.gz,ILM
ctMSI-CRC-0052,T,ctMSI-CRC-0052-T,t1,/home/pengjia/ProjectMSI/ctDNA/DATD/HaploX/WEX/191201DYH/S010_SZ20190213029PES-1_ffpedna_wesplus_25741_S3_L002_R1_001.fastq.gz,/home/pengjia/ProjectMSI/ctDNA/DATD/HaploX/WEX/191201DYH/S010_SZ20190213029PES-1_ffpedna_wesplus_25741_S3_L002_R2_001.fastq.gz,ILM
ctMSI-CRC-0052,T1,ctMSI-CRC-0052-T1,t1,/home/pengjia/ProjectMSI/ctDNA/DATD/HaploX/WEX/191201DYH/S059_SZ20190406019PES-d_ffpedna_wesplus_25790_S21_L003_R1_001.fastq.gz,/home/pengjia/ProjectMSI/ctDNA/DATD/HaploX/WEX/191201DYH/S059_SZ20190406019PES-d_ffpedna_wesplus_25790_S21_L003_R2_001.fastq.gz,ILM
ctMSI-CRC-0053,N,ctMSI-CRC-0053-N,t1,/home/pengjia/ProjectMSI/ctDNA/DATD/HaploX/WEX/191201DYH/S005_SZ20190302002WHB-7_gdna_wesplus_26610_S5_L001_R1_001.fastq.gz,/home/pengjia/ProjectMSI/ctDNA/DATD/HaploX/WEX/191201DYH/S005_SZ20190302002WHB-7_gdna_wesplus_26610_S5_L001_R2_001.fastq.gz,ILM
ctMSI-CRC-0053,T,ctMSI-CRC-0053-T,t1,/home/pengjia/ProjectMSI/ctDNA/DATD/HaploX/WEX/191201DYH/S069_SZ20190302001PES-c_ffpedna_wesplus_27357_S15_L003_R1_001.fastq.gz,/home/pengjia/ProjectMSI/ctDNA/DATD/HaploX/WEX/191201DYH/S069_SZ20190302001PES-c_ffpedna_wesplus_27357_S15_L003_R2_001.fastq.gz,ILM
ctMSI-CRC-0054,N,ctMSI-CRC-0054-N,t1,/home/pengjia/ProjectMSI/ctDNA/DATD/HaploX/WEX/191201DYH/S092_SZ20190201239WHB-b_gdna_wesplus_25823_S12_L004_R1_001.fastq.gz,/home/pengjia/ProjectMSI/ctDNA/DATD/HaploX/WEX/191201DYH/S092_SZ20190201239WHB-b_gdna_wesplus_25823_S12_L004_R2_001.fastq.gz,ILM
ctMSI-CRC-0054,T,ctMSI-CRC-0054-T,t1,/home/pengjia/ProjectMSI/ctDNA/DATD/HaploX/WEX/191201DYH/S059_SZ20190501031PES-2_ffpedna_wesplus_28573_S35_L003_R1_001.fastq.gz,/home/pengjia/ProjectMSI/ctDNA/DATD/HaploX/WEX/191201DYH/S059_SZ20190501031PES-2_ffpedna_wesplus_28573_S35_L003_R2_001.fastq.gz,ILM
ctMSI-CRC-0055,N,ctMSI-CRC-0055-N,t1,/home/pengjia/ProjectMSI/ctDNA/DATD/HaploX/WEX/191201DYH/S033_20180913006-0_gdna_wesplus_11121_S33_L004_R1_001.fastq.gz,/home/pengjia/ProjectMSI/ctDNA/DATD/HaploX/WEX/191201DYH/S033_20180913006-0_gdna_wesplus_11121_S33_L004_R2_001.fastq.gz,ILM
ctMSI-CRC-0055,T,ctMSI-CRC-0055-T,t1,/home/pengjia/ProjectMSI/ctDNA/DATD/HaploX/WEX/191201DYH/S027_20180929012-4_ffpedna_wesplus_11890_S2_L004_R1_001.fastq.gz,/home/pengjia/ProjectMSI/ctDNA/DATD/HaploX/WEX/191201DYH/S027_20180929012-4_ffpedna_wesplus_11890_S2_L004_R2_001.fastq.gz,ILM
ctMSI-CRC-0055,T1,ctMSI-CRC-0055-T1,t1,/home/pengjia/ProjectMSI/ctDNA/DATD/HaploX/WEX/191201DYH/S171_SZ20190124017PES-6_ffpedna_wesplus_22288_S77_L004_R1_001.fastq.gz,/home/pengjia/ProjectMSI/ctDNA/DATD/HaploX/WEX/191201DYH/S171_SZ20190124017PES-6_ffpedna_wesplus_22288_S77_L004_R2_001.fastq.gz,ILM
ctMSI-CRC-0056,N,ctMSI-CRC-0056-N,t1,/home/pengjia/ProjectMSI/ctDNA/DATD/HaploX/WEX/191201DYH/S077_20180826004-b_gdna_wesplus_10617_S23_L003_R1_001.fastq.gz,/home/pengjia/ProjectMSI/ctDNA/DATD/HaploX/WEX/191201DYH/S077_20180826004-b_gdna_wesplus_10617_S23_L003_R2_001.fastq.gz,ILM
ctMSI-CRC-0056,T,ctMSI-CRC-0056-T,t1,/home/pengjia/ProjectMSI/ctDNA/DATD/HaploX/WEX/191201DYH/S134_SZ20190131012PES-9_ffpedna_wesplus_21513_S30_L004_R1_001.fastq.gz,/home/pengjia/ProjectMSI/ctDNA/DATD/HaploX/WEX/191201DYH/S134_SZ20190131012PES-9_ffpedna_wesplus_21513_S30_L004_R2_001.fastq.gz,ILM
ctMSI-CRC-0057,T,ctMSI-CRC-0057-T,t1,/home/pengjia/ProjectMSI/ctDNA/DATD/HaploX/WEX/191201DYH/S021_SZ20190420026PES-a_ffpedna_wesplus_26755_S13_L002_R1_001.fastq.gz,/home/pengjia/ProjectMSI/ctDNA/DATD/HaploX/WEX/191201DYH/S021_SZ20190420026PES-a_ffpedna_wesplus_26755_S13_L002_R2_001.fastq.gz,ILM
ctMSI-CRC-0057,N,ctMSI-CRC-0057-N,t1,/home/pengjia/ProjectMSI/ctDNA/DATD/HaploX/WEX/191201DYH/S103_SZ20190420025WHB-c_gdna_wesplus_28229_S22_L004_R1_001.fastq.gz,/home/pengjia/ProjectMSI/ctDNA/DATD/HaploX/WEX/191201DYH/S103_SZ20190420025WHB-c_gdna_wesplus_28229_S22_L004_R2_001.fastq.gz,ILM
ctMSI-CRC-0058,N,ctMSI-CRC-0058-N,t1,/home/pengjia/ProjectMSI/ctDNA/DATD/HaploX/WEX/191201DYH/S006_SZ20190302009WHB-8_gdna_wesplus_26611_S6_L001_R1_001.fastq.gz,/home/pengjia/ProjectMSI/ctDNA/DATD/HaploX/WEX/191201DYH/S006_SZ20190302009WHB-8_gdna_wesplus_26611_S6_L001_R2_001.fastq.gz,ILM
ctMSI-CRC-0058,T,ctMSI-CRC-0058-T,t1,/home/pengjia/ProjectMSI/ctDNA/DATD/HaploX/WEX/191201DYH/S020_SZ20190420022PES-f_ffpedna_wesplus_26754_S12_L002_R1_001.fastq.gz,/home/pengjia/ProjectMSI/ctDNA/DATD/HaploX/WEX/191201DYH/S020_SZ20190420022PES-f_ffpedna_wesplus_26754_S12_L002_R2_001.fastq.gz,ILM
ctMSI-CRC-0059,T,ctMSI-CRC-0059-T,t1,/home/pengjia/ProjectMSI/ctDNA/DATD/HaploX/WEX/191201DYH/S071_20181124039-5_ffpedna_wesplus_16110_S39_L004_R1_001.fastq.gz,/home/pengjia/ProjectMSI/ctDNA/DATD/HaploX/WEX/191201DYH/S071_20181124039-5_ffpedna_wesplus_16110_S39_L004_R2_001.fastq.gz,ILM
ctMSI-CRC-0059,N,ctMSI-CRC-0059-N,t1,/home/pengjia/ProjectMSI/ctDNA/DATD/HaploX/WEX/191201DYH/S007_20181124040-8_gdna_wesplus_16122_S7_L002_R1_001.fastq.gz,/home/pengjia/ProjectMSI/ctDNA/DATD/HaploX/WEX/191201DYH/S007_20181124040-8_gdna_wesplus_16122_S7_L002_R2_001.fastq.gz,ILM
ctMSI-CRC-0060,N,ctMSI-CRC-0060-N,t1,/home/pengjia/ProjectMSI/ctDNA/DATD/HaploX/WEX/191201DYH/S150_SZ20190305004WHB-c_gdna_wesplus_25702_S15_L004_R1_001.fastq.gz,/home/pengjia/ProjectMSI/ctDNA/DATD/HaploX/WEX/191201DYH/S150_SZ20190305004WHB-c_gdna_wesplus_25702_S15_L004_R2_001.fastq.gz,ILM
ctMSI-CRC-0060,T,ctMSI-CRC-0060-T,t1,/home/pengjia/ProjectMSI/ctDNA/DATD/HaploX/WEX/191201DYH/S074_SZ20190411023PES-2_ffpedna_wesplus_27117_S34_L004_R1_001.fastq.gz,/home/pengjia/ProjectMSI/ctDNA/DATD/HaploX/WEX/191201DYH/S074_SZ20190411023PES-2_ffpedna_wesplus_27117_S34_L004_R2_001.fastq.gz,ILM
ctMSI-CRC-0061,T,ctMSI-CRC-0061-T,t1,/home/pengjia/ProjectMSI/ctDNA/DATD/HaploX/WEX/191201DYH/S040_20180909002-5_ffpedna_wesplus_11357_S40_L004_R1_001.fastq.gz,/home/pengjia/ProjectMSI/ctDNA/DATD/HaploX/WEX/191201DYH/S040_20180909002-5_ffpedna_wesplus_11357_S40_L004_R2_001.fastq.gz,ILM
ctMSI-CRC-0061,N,ctMSI-CRC-0061-N,t1,/home/pengjia/ProjectMSI/ctDNA/DATD/HaploX/WEX/191201DYH/S077_20180908019-c_gdna_wesplus_11394_S18_L002_R1_001.fastq.gz,/home/pengjia/ProjectMSI/ctDNA/DATD/HaploX/WEX/191201DYH/S077_20180908019-c_gdna_wesplus_11394_S18_L002_R2_001.fastq.gz,ILM
ctMSI-CRC-0062,N,ctMSI-CRC-0062-N,t1,/home/pengjia/ProjectMSI/ctDNA/DATD/HaploX/WEX/191201DYH/S002_SZ20181219018WHB-7_gdna_wesplus_18244_S2_L002_R1_001.fastq.gz,/home/pengjia/ProjectMSI/ctDNA/DATD/HaploX/WEX/191201DYH/S002_SZ20181219018WHB-7_gdna_wesplus_18244_S2_L002_R2_001.fastq.gz,ILM
ctMSI-CRC-0062,T,ctMSI-CRC-0062-T,t1,/home/pengjia/ProjectMSI/ctDNA/DATD/HaploX/WEX/191201DYH/S118_SZ20190108003PES-8_ffpedna_wesplus_20048_S40_L004_R1_001.fastq.gz,/home/pengjia/ProjectMSI/ctDNA/DATD/HaploX/WEX/191201DYH/S118_SZ20190108003PES-8_ffpedna_wesplus_20048_S40_L004_R2_001.fastq.gz,ILM
ctMSI-CRC-0062,T1,ctMSI-CRC-0062-T1,t1,/home/pengjia/ProjectMSI/ctDNA/DATD/HaploX/WEX/191201DYH/S056_SZ20190406022PES-1_ffpedna_wesplus_27178_S32_L002_R1_001.fastq.gz,/home/pengjia/ProjectMSI/ctDNA/DATD/HaploX/WEX/191201DYH/S056_SZ20190406022PES-1_ffpedna_wesplus_27178_S32_L002_R2_001.fastq.gz,ILM
ctMSI-CRC-0062,N1,ctMSI-CRC-0062-N1,t1,/home/pengjia/ProjectMSI/ctDNA/DATD/HaploX/WEX/191201DYH/S006_SZ20190406023WHB-6_gdna_wesplus_29197_S6_L001_R1_001.fastq.gz,/home/pengjia/ProjectMSI/ctDNA/DATD/HaploX/WEX/191201DYH/S006_SZ20190406023WHB-6_gdna_wesplus_29197_S6_L001_R2_001.fastq.gz,ILM
ctMSI-CRC-0063,N,ctMSI-CRC-0063-N,t1,/home/pengjia/ProjectMSI/ctDNA/DATD/HaploX/WEX/191201DYH/S029_SZ20181206267WHB-a_gdna_wesplus_16506_S29_L003_R1_001.fastq.gz,/home/pengjia/ProjectMSI/ctDNA/DATD/HaploX/WEX/191201DYH/S029_SZ20181206267WHB-a_gdna_wesplus_16506_S29_L003_R2_001.fastq.gz,ILM
ctMSI-CRC-0063,T,ctMSI-CRC-0063-T,t1,/home/pengjia/ProjectMSI/ctDNA/DATD/HaploX/WEX/191201DYH/S049_SZ20190402003PES-8_ffpedna_wesplus_27171_S25_L002_R1_001.fastq.gz,/home/pengjia/ProjectMSI/ctDNA/DATD/HaploX/WEX/191201DYH/S049_SZ20190402003PES-8_ffpedna_wesplus_27171_S25_L002_R2_001.fastq.gz,ILM
ctMSI-CRC-0064,N,ctMSI-CRC-0064-N,t1,/home/pengjia/ProjectMSI/ctDNA/DATD/HaploX/WEX/191201DYH/S134_SZ20190117017WHB-6_gdna_wesplus_21854_S57_L004_R1_001.fastq.gz,/home/pengjia/ProjectMSI/ctDNA/DATD/HaploX/WEX/191201DYH/S134_SZ20190117017WHB-6_gdna_wesplus_21854_S57_L004_R2_001.fastq.gz,ILM
ctMSI-CRC-0064,T,ctMSI-CRC-0064-T,t1,/home/pengjia/ProjectMSI/ctDNA/DATD/HaploX/WEX/191201DYH/S008_SZ20190201234PES-7_ffpedna_wesplus_25739_S1_L002_R1_001.fastq.gz,/home/pengjia/ProjectMSI/ctDNA/DATD/HaploX/WEX/191201DYH/S008_SZ20190201234PES-7_ffpedna_wesplus_25739_S1_L002_R2_001.fastq.gz,ILM
ctMSI-CRC-0065,N,ctMSI-CRC-0065-N,t1,/home/pengjia/ProjectMSI/ctDNA/DATD/HaploX/WEX/191201DYH/S033_20181130027-b_gdna_wesplus_16228_S28_L002_R1_001.fastq.gz,/home/pengjia/ProjectMSI/ctDNA/DATD/HaploX/WEX/191201DYH/S033_20181130027-b_gdna_wesplus_16228_S28_L002_R2_001.fastq.gz,ILM
ctMSI-CRC-0065,T,ctMSI-CRC-0065-T,t1,/home/pengjia/ProjectMSI/ctDNA/DATD/HaploX/WEX/191201DYH/S165_SZ20190119007PES-c_ffpedna_wesplus_22282_S71_L004_R1_001.fastq.gz,/home/pengjia/ProjectMSI/ctDNA/DATD/HaploX/WEX/191201DYH/S165_SZ20190119007PES-c_ffpedna_wesplus_22282_S71_L004_R2_001.fastq.gz,ILM
ctMSI-CRC-0066,T,ctMSI-CRC-0066-T,t1,/home/pengjia/ProjectMSI/ctDNA/DATD/HaploX/WEX/191201DYH/S036_SZ20190313006PES-c_ffpedna_wesplus_26641_S4_L002_R1_001.fastq.gz,/home/pengjia/ProjectMSI/ctDNA/DATD/HaploX/WEX/191201DYH/S036_SZ20190313006PES-c_ffpedna_wesplus_26641_S4_L002_R2_001.fastq.gz,ILM
ctMSI-CRC-0066,N,ctMSI-CRC-0066-N,t1,/home/pengjia/ProjectMSI/ctDNA/DATD/HaploX/WEX/191201DYH/S035_SZ20190313007WHB-c_gdna_wesplus_27323_S11_L002_R1_001.fastq.gz,/home/pengjia/ProjectMSI/ctDNA/DATD/HaploX/WEX/191201DYH/S035_SZ20190313007WHB-c_gdna_wesplus_27323_S11_L002_R2_001.fastq.gz,ILM
ctMSI-CRC-0067,T,ctMSI-CRC-0067-T,t1,/home/pengjia/ProjectMSI/ctDNA/DATD/HaploX/WEX/191201DYH/S051_20180828006-5_ffpedna_wesplus_9933_S5_L002_R1_001.fastq.gz,/home/pengjia/ProjectMSI/ctDNA/DATD/HaploX/WEX/191201DYH/S051_20180828006-5_ffpedna_wesplus_9933_S5_L002_R2_001.fastq.gz,ILM
ctMSI-CRC-0067,N,ctMSI-CRC-0067-N,t1,/home/pengjia/ProjectMSI/ctDNA/DATD/HaploX/WEX/191201DYH/S012_20181117002-b_gdna_wesplus_14757_S12_L001_R1_001.fastq.gz,/home/pengjia/ProjectMSI/ctDNA/DATD/HaploX/WEX/191201DYH/S012_20181117002-b_gdna_wesplus_14757_S12_L001_R2_001.fastq.gz,ILM
ctMSI-CRC-0067,T1,ctMSI-CRC-0067-T1,t1,/home/pengjia/ProjectMSI/ctDNA/DATD/HaploX/WEX/191201DYH/S033_SZ20190307027PES-d_ffpedna_wesplus_26638_S1_L002_R1_001.fastq.gz,/home/pengjia/ProjectMSI/ctDNA/DATD/HaploX/WEX/191201DYH/S033_SZ20190307027PES-d_ffpedna_wesplus_26638_S1_L002_R2_001.fastq.gz,ILM
ctMSI-CRC-0068,T,ctMSI-CRC-0068-T,t1,/home/pengjia/ProjectMSI/ctDNA/DATD/HaploX/WEX/191201DYH/S019_SZ20190223018PES-d_ffpedna_wesplus_25386_S19_L001_R1_001.fastq.gz,/home/pengjia/ProjectMSI/ctDNA/DATD/HaploX/WEX/191201DYH/S019_SZ20190223018PES-d_ffpedna_wesplus_25386_S19_L001_R2_001.fastq.gz,ILM
ctMSI-CRC-0068,N,ctMSI-CRC-0068-N,t1,/home/pengjia/ProjectMSI/ctDNA/DATD/HaploX/WEX/191201DYH/S021_SZ20190220026WHB-a_gdna_wesplus_25752_S14_L002_R1_001.fastq.gz,/home/pengjia/ProjectMSI/ctDNA/DATD/HaploX/WEX/191201DYH/S021_SZ20190220026WHB-a_gdna_wesplus_25752_S14_L002_R2_001.fastq.gz,ILM
ctMSI-CRC-0069,T,ctMSI-CRC-0069-T,t1,/home/pengjia/ProjectMSI/ctDNA/DATD/HaploX/WEX/191201DYH/S004_SZ20190220023PES-d_ffpedna_wesplus_20052_S4_R1_001.fastq.gz,/home/pengjia/ProjectMSI/ctDNA/DATD/HaploX/WEX/191201DYH/S004_SZ20190220023PES-d_ffpedna_wesplus_20052_S4_R2_001.fastq.gz,ILM
ctMSI-CRC-0069,N,ctMSI-CRC-0069-N,t1,/home/pengjia/ProjectMSI/ctDNA/DATD/HaploX/WEX/191201DYH/S005_SZ20190220024WHB-e_gdna_wesplus_20053_S5_R1_001.fastq.gz,/home/pengjia/ProjectMSI/ctDNA/DATD/HaploX/WEX/191201DYH/S005_SZ20190220024WHB-e_gdna_wesplus_20053_S5_R2_001.fastq.gz,ILM
ctMSI-CRC-0070,N,ctMSI-CRC-0070-N,t1,/home/pengjia/ProjectMSI/ctDNA/DATD/HaploX/WEX/191201DYH/S099_SZ20190216005WHB-6_gdna_wesplus_25830_S19_L004_R1_001.fastq.gz,/home/pengjia/ProjectMSI/ctDNA/DATD/HaploX/WEX/191201DYH/S099_SZ20190216005WHB-6_gdna_wesplus_25830_S19_L004_R2_001.fastq.gz,ILM
ctMSI-CRC-0070,T,ctMSI-CRC-0070-T,t1,/home/pengjia/ProjectMSI/ctDNA/DATD/HaploX/WEX/191201DYH/S005_SZ20190216004PES-7_ffpedna_wesplus_26470_S5_L001_R1_001.fastq.gz,/home/pengjia/ProjectMSI/ctDNA/DATD/HaploX/WEX/191201DYH/S005_SZ20190216004PES-7_ffpedna_wesplus_26470_S5_L001_R2_001.fastq.gz,ILM
ctMSI-CRC-0071,N,ctMSI-CRC-0071-N,t1,/home/pengjia/ProjectMSI/ctDNA/DATD/HaploX/WEX/191201DYH/S078_20180826006-b_gdna_wesplus_10048_S23_L003_R1_001.fastq.gz,/home/pengjia/ProjectMSI/ctDNA/DATD/HaploX/WEX/191201DYH/S078_20180826006-b_gdna_wesplus_10048_S23_L003_R2_001.fastq.gz,ILM
ctMSI-CRC-0071,T,ctMSI-CRC-0071-T,t1,/home/pengjia/ProjectMSI/ctDNA/DATD/HaploX/WEX/191201DYH/S005_SZ20190213034PES-4_ffpedna_wesplus_25736_S59_L001_R1_001.fastq.gz,/home/pengjia/ProjectMSI/ctDNA/DATD/HaploX/WEX/191201DYH/S005_SZ20190213034PES-4_ffpedna_wesplus_25736_S59_L001_R2_001.fastq.gz,ILM
ctMSI-CRC-0072,N,ctMSI-CRC-0072-N,t1,/home/pengjia/ProjectMSI/ctDNA/DATD/HaploX/WEX/191201DYH/S028_SZ20190108004WHB-4_gdna_wesplus_20229_S13_L003_R1_001.fastq.gz,/home/pengjia/ProjectMSI/ctDNA/DATD/HaploX/WEX/191201DYH/S028_SZ20190108004WHB-4_gdna_wesplus_20229_S13_L003_R2_001.fastq.gz,ILM
ctMSI-CRC-0072,T,ctMSI-CRC-0072-T,t1,/home/pengjia/ProjectMSI/ctDNA/DATD/HaploX/WEX/191201DYH/S009_SZ20190201235PES-6_ffpedna_wesplus_25740_S2_L002_R1_001.fastq.gz,/home/pengjia/ProjectMSI/ctDNA/DATD/HaploX/WEX/191201DYH/S009_SZ20190201235PES-6_ffpedna_wesplus_25740_S2_L002_R2_001.fastq.gz,ILM
ctMSI-CRC-0073,T,ctMSI-CRC-0073-T,t1,/home/pengjia/ProjectMSI/ctDNA/DATD/HaploX/WEX/191201DYH/S026_20180929014-9_ffpedna_wesplus_11889_S1_L004_R1_001.fastq.gz,/home/pengjia/ProjectMSI/ctDNA/DATD/HaploX/WEX/191201DYH/S026_20180929014-9_ffpedna_wesplus_11889_S1_L004_R2_001.fastq.gz,ILM
ctMSI-CRC-0073,N,ctMSI-CRC-0073-N,t1,/home/pengjia/ProjectMSI/ctDNA/DATD/HaploX/WEX/191201DYH/S029_20180929013-d_gdna_wesplus_11892_S4_L004_R1_001.fastq.gz,/home/pengjia/ProjectMSI/ctDNA/DATD/HaploX/WEX/191201DYH/S029_20180929013-d_gdna_wesplus_11892_S4_L004_R2_001.fastq.gz,ILM
ctMSI-CRC-0073,T1,ctMSI-CRC-0073-T1,t1,/home/pengjia/ProjectMSI/ctDNA/DATD/HaploX/WEX/191201DYH/S137_SZ20190131015PES-7_ffpedna_wesplus_21516_S33_L004_R1_001.fastq.gz,/home/pengjia/ProjectMSI/ctDNA/DATD/HaploX/WEX/191201DYH/S137_SZ20190131015PES-7_ffpedna_wesplus_21516_S33_L004_R2_001.fastq.gz,ILM
ctMSI-CRC-0074,N,ctMSI-CRC-0074-N,t1,/home/pengjia/ProjectMSI/ctDNA/DATD/HaploX/WEX/191201DYH/S077_20180823011-6_gdna_wesplus_10047_S22_L003_R1_001.fastq.gz,/home/pengjia/ProjectMSI/ctDNA/DATD/HaploX/WEX/191201DYH/S077_20180823011-6_gdna_wesplus_10047_S22_L003_R2_001.fastq.gz,ILM
ctMSI-CRC-0074,T,ctMSI-CRC-0074-T,t1,/home/pengjia/ProjectMSI/ctDNA/DATD/HaploX/WEX/191201DYH/S135_SZ20190131013PES-5_ffpedna_wesplus_21514_S31_L004_R1_001.fastq.gz,/home/pengjia/ProjectMSI/ctDNA/DATD/HaploX/WEX/191201DYH/S135_SZ20190131013PES-5_ffpedna_wesplus_21514_S31_L004_R2_001.fastq.gz,ILM
ctMSI-CRC-0075,T,ctMSI-CRC-0075-T,t1,/home/pengjia/ProjectMSI/ctDNA/DATD/HaploX/WEX/191201DYH/S127_SZ20190126026PES-3_ffpedna_wesplus_21506_S23_L004_R1_001.fastq.gz,/home/pengjia/ProjectMSI/ctDNA/DATD/HaploX/WEX/191201DYH/S127_SZ20190126026PES-3_ffpedna_wesplus_21506_S23_L004_R2_001.fastq.gz,ILM
ctMSI-CRC-0075,N,ctMSI-CRC-0075-N,t1,/home/pengjia/ProjectMSI/ctDNA/DATD/HaploX/WEX/191201DYH/S082_20180808002-b_gdna_wesplus_25813_S2_L004_R1_001.fastq.gz,/home/pengjia/ProjectMSI/ctDNA/DATD/HaploX/WEX/191201DYH/S082_20180808002-b_gdna_wesplus_25813_S2_L004_R2_001.fastq.gz,ILM
ctMSI-CRC-0076,N,ctMSI-CRC-0076-N,t1,/home/pengjia/ProjectMSI/ctDNA/DATD/HaploX/WEX/191201DYH/S014_SZ20190126025WHB-d_gdna_wesplus_22114_S14_L002_R1_001.fastq.gz,/home/pengjia/ProjectMSI/ctDNA/DATD/HaploX/WEX/191201DYH/S014_SZ20190126025WHB-d_gdna_wesplus_22114_S14_L002_R2_001.fastq.gz,ILM
ctMSI-CRC-0076,T,ctMSI-CRC-0076-T,t1,/home/pengjia/ProjectMSI/ctDNA/DATD/HaploX/WEX/191201DYH/S080_SZ20190126024PES-e_ffpedna_wesplus_24272_S15_L004_R1_001.fastq.gz,/home/pengjia/ProjectMSI/ctDNA/DATD/HaploX/WEX/191201DYH/S080_SZ20190126024PES-e_ffpedna_wesplus_24272_S15_L004_R2_001.fastq.gz,ILM
ctMSI-CRC-0077,N,ctMSI-CRC-0077-N,t1,/home/pengjia/ProjectMSI/ctDNA/DATD/HaploX/WEX/191201DYH/S009_20180922004-3_gdna_wesplus_12545_S9_L003_R1_001.fastq.gz,/home/pengjia/ProjectMSI/ctDNA/DATD/HaploX/WEX/191201DYH/S009_20180922004-3_gdna_wesplus_12545_S9_L003_R2_001.fastq.gz,ILM
ctMSI-CRC-0077,T,ctMSI-CRC-0077-T,t1,/home/pengjia/ProjectMSI/ctDNA/DATD/HaploX/WEX/191201DYH/S126_SZ20190124012PES-2_ffpedna_wesplus_21505_S22_L004_R1_001.fastq.gz,/home/pengjia/ProjectMSI/ctDNA/DATD/HaploX/WEX/191201DYH/S126_SZ20190124012PES-2_ffpedna_wesplus_21505_S22_L004_R2_001.fastq.gz,ILM
ctMSI-CRC-0078,T,ctMSI-CRC-0078-T,t1,/home/pengjia/ProjectMSI/ctDNA/DATD/HaploX/WEX/191201DYH/S051_20180823009-5_ffpedna_wesplus_9864_S20_L003_R1_001.fastq.gz,/home/pengjia/ProjectMSI/ctDNA/DATD/HaploX/WEX/191201DYH/S051_20180823009-5_ffpedna_wesplus_9864_S20_L003_R2_001.fastq.gz,ILM
ctMSI-CRC-0078,N,ctMSI-CRC-0078-N,t1,/home/pengjia/ProjectMSI/ctDNA/DATD/HaploX/WEX/191201DYH/S027_20180808005-1_gdna_wesplus_12823_S27_L003_R1_001.fastq.gz,/home/pengjia/ProjectMSI/ctDNA/DATD/HaploX/WEX/191201DYH/S027_20180808005-1_gdna_wesplus_12823_S27_L003_R2_001.fastq.gz,ILM
ctMSI-CRC-0078,T1,ctMSI-CRC-0078-T1,t1,/home/pengjia/ProjectMSI/ctDNA/DATD/HaploX/WEX/191201DYH/S170_SZ20190124003PES-6_ffpedna_wesplus_22287_S76_L004_R1_001.fastq.gz,/home/pengjia/ProjectMSI/ctDNA/DATD/HaploX/WEX/191201DYH/S170_SZ20190124003PES-6_ffpedna_wesplus_22287_S76_L004_R2_001.fastq.gz,ILM
ctMSI-CRC-0079,T,ctMSI-CRC-0079-T,t1,/home/pengjia/ProjectMSI/ctDNA/DATD/HaploX/WEX/191201DYH/S038_20180922003-4_ffpedna_wesplus_12293_S22_L004_R1_001.fastq.gz,/home/pengjia/ProjectMSI/ctDNA/DATD/HaploX/WEX/191201DYH/S038_20180922003-4_ffpedna_wesplus_12293_S22_L004_R2_001.fastq.gz,ILM
ctMSI-CRC-0079,N,ctMSI-CRC-0079-N,t1,/home/pengjia/ProjectMSI/ctDNA/DATD/HaploX/WEX/191201DYH/S008_20180921008-f_gdna_wesplus_12544_S8_L003_R1_001.fastq.gz,/home/pengjia/ProjectMSI/ctDNA/DATD/HaploX/WEX/191201DYH/S008_20180921008-f_gdna_wesplus_12544_S8_L003_R2_001.fastq.gz,ILM
ctMSI-CRC-0079,T1,ctMSI-CRC-0079-T1,t1,/home/pengjia/ProjectMSI/ctDNA/DATD/HaploX/WEX/191201DYH/S087_SZ20190119013PES-7_ffpedna_wesplus_26440_S12_L004_R1_001.fastq.gz,/home/pengjia/ProjectMSI/ctDNA/DATD/HaploX/WEX/191201DYH/S087_SZ20190119013PES-7_ffpedna_wesplus_26440_S12_L004_R2_001.fastq.gz,ILM
ctMSI-CRC-0080,T,ctMSI-CRC-0080-T,t1,/home/pengjia/ProjectMSI/ctDNA/DATD/HaploX/WEX/191201DYH/S158_SZ20190111022PES-7_ffpedna_wesplus_22275_S64_L004_R1_001.fastq.gz,/home/pengjia/ProjectMSI/ctDNA/DATD/HaploX/WEX/191201DYH/S158_SZ20190111022PES-7_ffpedna_wesplus_22275_S64_L004_R2_001.fastq.gz,ILM
ctMSI-CRC-0080,N,ctMSI-CRC-0080-N,t1,/home/pengjia/ProjectMSI/ctDNA/DATD/HaploX/WEX/191201DYH/S047_SZ20190111023WHB-2_gdna_wesplus_31049_S46_L003_R1_001.fastq.gz,/home/pengjia/ProjectMSI/ctDNA/DATD/HaploX/WEX/191201DYH/S047_SZ20190111023WHB-2_gdna_wesplus_31049_S46_L003_R2_001.fastq.gz,ILM
ctMSI-CRC-0081,N,ctMSI-CRC-0081-N,t1,/home/pengjia/ProjectMSI/ctDNA/DATD/HaploX/WEX/191201DYH/S036_20180828007-0_gdna_wesplus_11075_S9_L004_R1_001.fastq.gz,/home/pengjia/ProjectMSI/ctDNA/DATD/HaploX/WEX/191201DYH/S036_20180828007-0_gdna_wesplus_11075_S9_L004_R2_001.fastq.gz,ILM
ctMSI-CRC-0081,T,ctMSI-CRC-0081-T,t1,/home/pengjia/ProjectMSI/ctDNA/DATD/HaploX/WEX/191201DYH/S159_SZ20190111020PES-9_ffpedna_wesplus_22276_S65_L004_R1_001.fastq.gz,/home/pengjia/ProjectMSI/ctDNA/DATD/HaploX/WEX/191201DYH/S159_SZ20190111020PES-9_ffpedna_wesplus_22276_S65_L004_R2_001.fastq.gz,ILM
ctMSI-CRC-0082,T,ctMSI-CRC-0082-T,t1,/home/pengjia/ProjectMSI/ctDNA/DATD/HaploX/WEX/191201DYH/S030_20180831013-e_ffpedna_wesplus_11069_S3_L004_R1_001.fastq.gz,/home/pengjia/ProjectMSI/ctDNA/DATD/HaploX/WEX/191201DYH/S030_20180831013-e_ffpedna_wesplus_11069_S3_L004_R2_001.fastq.gz,ILM
ctMSI-CRC-0082,N,ctMSI-CRC-0082-N,t1,/home/pengjia/ProjectMSI/ctDNA/DATD/HaploX/WEX/191201DYH/S005_20181204026-b_gdna_wesplus_17119_S5_L002_R1_001.fastq.gz,/home/pengjia/ProjectMSI/ctDNA/DATD/HaploX/WEX/191201DYH/S005_20181204026-b_gdna_wesplus_17119_S5_L002_R2_001.fastq.gz,ILM
ctMSI-CRC-0083,N,ctMSI-CRC-0083-N,t1,/home/pengjia/ProjectMSI/ctDNA/DATD/HaploX/WEX/191201DYH/S034_20180828009-d_gdna_wesplus_11073_S7_L004_R1_001.fastq.gz,/home/pengjia/ProjectMSI/ctDNA/DATD/HaploX/WEX/191201DYH/S034_20180828009-d_gdna_wesplus_11073_S7_L004_R2_001.fastq.gz,ILM
ctMSI-CRC-0083,T,ctMSI-CRC-0083-T,t1,/home/pengjia/ProjectMSI/ctDNA/DATD/HaploX/WEX/191201DYH/S005_SZ20181214003PES-2_ffpedna_wesplus_17575_S5_L002_R1_001.fastq.gz,/home/pengjia/ProjectMSI/ctDNA/DATD/HaploX/WEX/191201DYH/S005_SZ20181214003PES-2_ffpedna_wesplus_17575_S5_L002_R2_001.fastq.gz,ILM
ctMSI-CRC-0084,T,ctMSI-CRC-0084-T,t1,/home/pengjia/ProjectMSI/ctDNA/DATD/HaploX/WEX/191201DYH/S033_SZ20181214002PES-3_ffpedna_wesplus_17258_S24_L003_R1_001.fastq.gz,/home/pengjia/ProjectMSI/ctDNA/DATD/HaploX/WEX/191201DYH/S033_SZ20181214002PES-3_ffpedna_wesplus_17258_S24_L003_R2_001.fastq.gz,ILM
ctMSI-CRC-0084,N,ctMSI-CRC-0084-N,t1,/home/pengjia/ProjectMSI/ctDNA/DATD/HaploX/WEX/191201DYH/S006_SZ20181212005WHB-e_gdna_wesplus_17720_S6_L001_R1_001.fastq.gz,/home/pengjia/ProjectMSI/ctDNA/DATD/HaploX/WEX/191201DYH/S006_SZ20181212005WHB-e_gdna_wesplus_17720_S6_L001_R2_001.fastq.gz,ILM
ctMSI-CRC-0085,T,ctMSI-CRC-0085-T,t1,/home/pengjia/ProjectMSI/ctDNA/DATD/HaploX/WEX/191201DYH/S019_20181111039-5_ffpedna_wesplus_14894_S8_L003_R1_001.fastq.gz,/home/pengjia/ProjectMSI/ctDNA/DATD/HaploX/WEX/191201DYH/S019_20181111039-5_ffpedna_wesplus_14894_S8_L003_R2_001.fastq.gz,ILM
ctMSI-CRC-0085,N,ctMSI-CRC-0085-N,t1,/home/pengjia/ProjectMSI/ctDNA/DATD/HaploX/WEX/191201DYH/S034_20181111040-4_gdna_wesplus_14909_S11_L004_R1_001.fastq.gz,/home/pengjia/ProjectMSI/ctDNA/DATD/HaploX/WEX/191201DYH/S034_20181111040-4_gdna_wesplus_14909_S11_L004_R2_001.fastq.gz,ILM
ctMSI-CRC-0086,T,ctMSI-CRC-0086-T,t1,/home/pengjia/ProjectMSI/ctDNA/DATD/HaploX/WEX/191201DYH/S022_20181024033-5_ffpedna_wesplus_14107_S5_L003_R1_001.fastq.gz,/home/pengjia/ProjectMSI/ctDNA/DATD/HaploX/WEX/191201DYH/S022_20181024033-5_ffpedna_wesplus_14107_S5_L003_R2_001.fastq.gz,ILM
ctMSI-CRC-0086,N,ctMSI-CRC-0086-N,t1,/home/pengjia/ProjectMSI/ctDNA/DATD/HaploX/WEX/191201DYH/S049_BJ20190424046DNA-c_gdna_wesplus_25416_S27_L002_R1_001.fastq.gz,/home/pengjia/ProjectMSI/ctDNA/DATD/HaploX/WEX/191201DYH/S049_BJ20190424046DNA-c_gdna_wesplus_25416_S27_L002_R2_001.fastq.gz,ILM
ctMSI-CRC-0087,N,ctMSI-CRC-0087-N,t1,/home/pengjia/ProjectMSI/ctDNA/DATD/HaploX/WEX/191201DYH/S028_20180929015-e_gdna_wesplus_11891_S3_L004_R1_001.fastq.gz,/home/pengjia/ProjectMSI/ctDNA/DATD/HaploX/WEX/191201DYH/S028_20180929015-e_gdna_wesplus_11891_S3_L004_R2_001.fastq.gz,ILM
ctMSI-CRC-0087,T,ctMSI-CRC-0087-T,t1,/home/pengjia/ProjectMSI/ctDNA/DATD/HaploX/WEX/191201DYH/S025_20181009001-0_ffpedna_wesplus_12435_S25_L004_R1_001.fastq.gz,/home/pengjia/ProjectMSI/ctDNA/DATD/HaploX/WEX/191201DYH/S025_20181009001-0_ffpedna_wesplus_12435_S25_L004_R2_001.fastq.gz,ILM
ctMSI-CRC-0088,N,ctMSI-CRC-0088-N,t1,/home/pengjia/ProjectMSI/ctDNA/DATD/HaploX/WEX/191118XJ/S041_SZ20191009003SAL-a_saldna_wesplus_34376_S41_L004_R1_001.fastq.gz,/home/pengjia/ProjectMSI/ctDNA/DATD/HaploX/WEX/191118XJ/S041_SZ20191009003SAL-a_saldna_wesplus_34376_S41_L004_R2_001.fastq.gz,ILM
ctMSI-CRC-0088,T,ctMSI-CRC-0088-T,t1,/home/pengjia/ProjectMSI/ctDNA/DATD/HaploX/WEX/191118XJ/S075_SZ20191009004PPS-f_ffpedna_wesplus_34551_S43_L004_R1_001.fastq.gz,/home/pengjia/ProjectMSI/ctDNA/DATD/HaploX/WEX/191118XJ/S075_SZ20191009004PPS-f_ffpedna_wesplus_34551_S43_L004_R2_001.fastq.gz,ILM
ctMSI-CRC-0089,N,ctMSI-CRC-0089-N,t1,/home/pengjia/ProjectMSI/ctDNA/DATD/HaploX/WEX/191118XJ/S072_SZ20191012005WHB-3_gdna_wesplus_34548_S40_L004_R1_001.fastq.gz,/home/pengjia/ProjectMSI/ctDNA/DATD/HaploX/WEX/191118XJ/S072_SZ20191012005WHB-3_gdna_wesplus_34548_S40_L004_R2_001.fastq.gz,ILM
ctMSI-CRC-0089,T,ctMSI-CRC-0089-T,t1,/home/pengjia/ProjectMSI/ctDNA/DATD/HaploX/WEX/191118XJ/S074_SZ20191012006PPS-2_ffpedna_wesplus_34550_S42_L004_R1_001.fastq.gz,/home/pengjia/ProjectMSI/ctDNA/DATD/HaploX/WEX/191118XJ/S074_SZ20191012006PPS-2_ffpedna_wesplus_34550_S42_L004_R2_001.fastq.gz,ILM
ctMSI-CRC-0090,T,ctMSI-CRC-0090-T,t1,/home/pengjia/ProjectMSI/ctDNA/DATD/HaploX/WEX/191118XJ/S084_SZ20191016005PES-9_ffpedna_wesplus_34718_S39_L004_R1_001.fastq.gz,/home/pengjia/ProjectMSI/ctDNA/DATD/HaploX/WEX/191118XJ/S084_SZ20191016005PES-9_ffpedna_wesplus_34718_S39_L004_R2_001.fastq.gz,ILM
ctMSI-CRC-0090,N,ctMSI-CRC-0090-N,t1,/home/pengjia/ProjectMSI/ctDNA/DATD/HaploX/WEX/191118XJ/S091_SZ20191016006WHB-8_gdna_wesplus_34725_S46_L004_R1_001.fastq.gz,/home/pengjia/ProjectMSI/ctDNA/DATD/HaploX/WEX/191118XJ/S091_SZ20191016006WHB-8_gdna_wesplus_34725_S46_L004_R2_001.fastq.gz,ILM
ctMSI-CRC-0091,T,ctMSI-CRC-0091-T,t1,/home/pengjia/ProjectMSI/ctDNA/DATD/HaploX/WEX/191118XJ/S085_SZ20191107049PPS-5_ffpedna_wesplus_35785_S39_L003_R1_001.fastq.gz,/home/pengjia/ProjectMSI/ctDNA/DATD/HaploX/WEX/191118XJ/S085_SZ20191107049PPS-5_ffpedna_wesplus_35785_S39_L003_R2_001.fastq.gz,ILM
ctMSI-CRC-0091,N,ctMSI-CRC-0091-N,t1,/home/pengjia/ProjectMSI/ctDNA/DATD/HaploX/WEX/191118XJ/S113_SZ20191107048WHB-5_gdna_wesplus_35813_S25_L004_R1_001.fastq.gz,/home/pengjia/ProjectMSI/ctDNA/DATD/HaploX/WEX/191118XJ/S113_SZ20191107048WHB-5_gdna_wesplus_35813_S25_L004_R2_001.fastq.gz,ILM
